title,industry,location,followers,summary,page
Executive Alchemist,Business Consulting and Services,Melbourne,16,Specialties: Executive and Team Coaching,https://www.linkedin.com/company/executive-alchemist/
Culture eats strategy,Business Consulting and Services,Sydney,30,"We help organisations build exceptional cultures and people practices. We can help with culture change, leadership development, values programs, employment branding and Employee Value Propositions (EVP), mergers and acquisitions, HR strategy, team development, coaching, mentoring and interim executive support.",https://www.linkedin.com/company/culture-eats-strategy/
HENRY REED,Business Consulting and Services,"Brisbane, QLD",1000,"...to interpret culture risks, design and implement people & culture solutions we deliver measurable return on investment on culture initiatives and support...",https://www.linkedin.com/company/henryreed/
Leanne Elich Consulting,Business Consulting and Services,"Sydney, NSW",850,"...and specialise in a range of areas including Executive Leadership, Sales and Marketing, Strategic Operations, Resilience and Culture, Strength Based Teamwork...",https://www.linkedin.com/company/leanne-elich-consulting/
Thirriwirri,Business Consulting and Services,"Sydney, NSW",807,"...and colleagues, Jason Ardler and David Major.   Our purpose in establishing Thirriwirri is to make available to others, our knowledge and experience, to support them in...",https://www.linkedin.com/company/thirriwirri/
Magnetic People Pty Ltd,Human Resources,"Perth, WA",1000,WE‚ÄôRE PASSIONATE ABOUT PEOPLE Magnetic People enhance business performance and the employee experience as your strategic partner in managing workplace culture...,https://www.linkedin.com/company/magnetic-people-pty-ltd/
Coaching Revelations,Business Consulting and Services,"Brisbane, Queensland",290,"...own, an outsider who is not involved with the organisation or its culture. An independent coach can reflect ideas, evoke solutions and support their...",https://www.linkedin.com/company/coachingrevelations/
RECODE GROUP,Staffing and Recruiting,"Sydney, NSW",10000,"...executive search, permanent and temporary recruitment across a broad range of disciplines including (but not limited to) Executive Leadership, Accounting & Finance...",https://www.linkedin.com/company/recodegroup/
August Consulting Pty Ltd,Business Consulting and Services,"Brisbane, Queensland",980,Delivering practical procurement and supply chain initiatives and targeted cost optimisation solutions ‚Ä¢ Specialties: Executive Coaching,https://www.linkedin.com/company/augustconsulting/
Leadership Creativity,Business Consulting and Services,"Wollongong, NSW",1000,Transform Your Business with Expert Coaching & Mentoring ‚Ä¢ Specialties: Executive Coaching,https://www.linkedin.com/company/leadership-creativity/
Leadership Space,Non-profit Organizations,"Sydney, New South Wales",563,"...at the organisational level on strategy, governance, culture and organisational change. - We work with top teams to support their cohesion and effectiveness.  - And we...",https://www.linkedin.com/company/leadership-space/
Blue Ocean Strategy Australia,Business Consulting and Services,"West Melbourne, Victoria",532,"...capital raising, and with global and domestic distribution.  EXECUTIVE ALIGNMENT In supporting executive teams, we devise and run the next evolution in strategic planning; collaborative and innovative strategic dialogues using our unique alignment model encompassing Customers, Culture, Cashflow, Capital...",https://www.linkedin.com/company/blue-ocean-strategy-australia/
Enrichment Consulting (EC),Business Consulting and Services,"Sydney , NSW",462,"...and unlock future possibilities through financial management, strategic planning, project management and change management.  We provide HR consultancy to support leaders define their people and culture strategy, pivot operating models, restructure teams and build organisational capacity whilst investing in cultural...",https://www.linkedin.com/company/enrichment-consulting/
Wellbeing Australia,Non-profit Organizations,"Sydney, NSW",608,"...resilience. Together with Debra, we look to empower and inspire others via support, facilitation, presentation and systems consultation and coaching.  Education...",https://www.linkedin.com/company/wellbeing-australia/
Tranquil Consultancy,Business Consulting and Services,"Melbourne, Victoria",757,...and deliberate.  We provide an injection of expertise unavailable to the business internally.   Core Competencies include: ‚úÖ Executive Advisory & support...,https://www.linkedin.com/company/tranquilconsultancy/
The Inspired Leader,Professional Training and Coaching,"Sydney, NSW",497,"...leadership coaching - Behavioural Assessments including Human Synergistics LSI, GSI and Predictive Index - Consulting on culture, HR and leadership practices  ùêñùê°ùê≤...",https://www.linkedin.com/company/theinspiredleader/
Revolution Consulting Group,Business Consulting and Services,"Based in Wollongong, providing services locally, and across Australia. , NSW",472,"..., coaching, training, resources and ongoing support which, once implemented and integrated, will: ‚úÖ Save you TIME; ‚úÖ Save  you MONEY; ‚úÖ Reduce your RISK; ‚úÖ Ensure you...",https://www.linkedin.com/company/revolution-consulting-group/
Cross-Cultural Advisory | Executive Coaching | Skills Development,Business Consulting and Services,"Sydney, NSW",432,"...intercultural coaching for their global leadership.  Providing the skills of the future including Cross-cultural communication, intercultural business and interpersonal skills development.  Our service includes: - Executive Coaching for Global Relocations - Specialist Intercultural Resources for Global Business Development...",https://www.linkedin.com/company/60zone-ibp/
Include-Empower.Com | Sydney + Singapore,Business Consulting and Services,"Sydney, NSW",494,"We employ evidence-based, best-practice solutions to drive a culture of innovation and inclusion in your organisation ‚Ä¢ Specialties: Executive Coaching & Mentoring",https://www.linkedin.com/company/culture-plus-consulting/
HRCheck,Human Resources,"Moorabbin, Victoria",449,"...Zealand.    HRCheck Services Available:  * Australian Work Rights and Migrant Worker Checks * Business and Leadership Coaching * Change Management Initiatives * Corporate Team Building Workshops and Onsite Venue * Culture Surveys * Drug and Alcohol Testing - Onsite * Executive, Office Support and HR Recruitment * Exit...",https://www.linkedin.com/company/hrcheck/
Strategic Impact Pty Ltd,Business Consulting and Services,"Melbourne, Vic",361,"We are trusted industry experienced strategy and business improvement consultants, that deliver tangible results ‚Ä¢ Specialties: Executive Mentoring & Coaching",https://www.linkedin.com/company/strategic-impact-pty-ltd/
Minerra,Information Technology & Services,"Melbourne, Victoria",268,"...on all aspects of their analytics and data science journey, including executive awareness, analytics strategy formulation, culture change, analytics system design and development, and training and coaching.  The analytics and data science systems and services provided by Minerra allow organisations to extract value...",https://www.linkedin.com/company/minerra/
Tactician,Business Consulting and Services,"Turramurra, New South Wales",251,"We offer professional development workshops that people rave about, and leadership coaching that creates real change.",https://www.linkedin.com/company/tactician/
Momentis Group,Human Resources Services,,285,"...together.  Culture Design and  Development - Some call it culture, we call it a shared understanding and we think its crucial for any group of people...",https://www.linkedin.com/company/bemomentis/
Habitus,Professional Training and Coaching,"Kiama, New South Wales",296,"..., Facilitation Training, Executive Coaching and Consulting.  Habitus is, first and foremost, a social enterprise. As such, we leverage the profits made from corporate...",https://www.linkedin.com/company/habituslifehacks/
Ollivier People & Development Ltd,Professional Training and Coaching,London,278,Executive Coaching and Leadership Development for Recruitment Agencies and Scaling Businesses,https://www.linkedin.com/company/ollivier-people-&-development/
"SelfOrg Consulting - Licensed GTD, Holacracy¬Æ Provider",Business Consulting and Services,"Sydney, NSW",310,...Partners are expert practitioners in:  Holacracy  Making a Difference  Tribal Space  GTD (Getting things Done)  Organisational Coaching  1-on-1 Executive Coaching...,https://www.linkedin.com/company/selforg-consulting/
Her Leadership Journey,Professional Training and Coaching,"Brisbane, QLD",282,"...they know they should.  If they had support in the form of skills development, coaching, mentoring and a judgement free community where they could ask for help...",https://www.linkedin.com/company/her-leadership-journey/
DifferenThinking Pty Ltd,Business Consulting and Services,Melbourne,344,"What We Do: We help leadership teams reduce risks and increase success by unlocking the potential of their people, culture and innovation capabilities. Our ultimate aim is to create, support and maximise organisational growth.  Our Approach: Working closely with you, our human capital and innovation services are agile...",https://www.linkedin.com/company/differenthinking/
JOST & Co ,Business Consulting and Services,"Melbourne , Victoria ",327,"Modern business needs a modern approach: Culture, change and leadership specialists ‚Ä¢ Specialties: Executive Coaching",https://www.linkedin.com/company/jostandco/
Balance at Work Pty Ltd,Business Consulting and Services,"Richmond, Australia",165,"...updates.   Balance at Work has provided accurate, timely and practical people management, career advice and coaching since 2006. We will continue to do so at Aster HR, and look forward to your continued support.",https://www.linkedin.com/company/balance-at-work/
Conflict Coaching International - CCI Academy,Alternative Dispute Resolution,"Perth, WA",123,"...wish to use coaching techniques to support their employees to develop their conflict capacity;  Mediators, arbitrators and lawyers who want to add coaching...",https://www.linkedin.com/company/conflict-coaching-international-cci-academy/
Creating Leaders,Professional Training and Coaching,"Brisbane, QLD",186,Transitioning successful individuals to true leaders ‚Ä¢ Specialties: Executive Coaching,https://www.linkedin.com/company/creating-leaders/
Number 8 Consulting,Business Consulting and Services,"Adelaide, SA",242,change is infinite ‚Ä¢ Specialties: executive coaching,https://www.linkedin.com/company/number-8-consulting/
21 Triangles - NEURO-M Accredited Partner,Business Consulting and Services,"SANCTUARY COVE, Queensland",161,NEURO-M ASSESSMENTS | ADVANCED BEHAVIOURAL RECRUITMENT | LEADERSHIP & MANAGEMENT TRAINING & COACHING | HR CONSULTING |,https://www.linkedin.com/company/21-triangles/
The Comeragh Group,Human Resources,Brisbane,135,The partners at the Comeragh Group have a collective 45 years‚Äô experience in providing risk rated HR support to business in Australia and Asia Pacific. This...,https://www.linkedin.com/company/the-comeragh-group/
Sector Personnel Services,Staffing and Recruiting,"South Yarra, VIC",256,...Services   * Executive & Business Coaching    Our aim is to develop strong partnership relationships with our clients.   Our objective is to solve human resource...,https://www.linkedin.com/company/sector-personnel-services/
The Futures Group,Human Resources Services,"West Perth, Western Australia",221,...culture to support the business strategy; ÔÇ∑ Restructuring the organisation to adapt to change or streamline functions; ÔÇ∑ Helping the executive team agree on...,https://www.linkedin.com/company/the-futures-group/
ODIN360 Australia,Business Consulting and Services,"Blackburn, Victoria",146,"We are a boutique consulting agency servicing the SME market and government sector, providing:  - Virtual Executive & Interim Management Support Services  - Management Consulting & Business Advisory Services  - Specialised Strategic Planning and Operational Support for the Tourism, Sport, Major Events, Franchise...",https://www.linkedin.com/company/odin360au/
YPT Recruitment,Staffing and Recruiting,"Sydney, NSW",266,...- Market insight on industry recruitment trends - Career coaching for internal talent and external candidates - Stopgap support to other search and selection...,https://www.linkedin.com/company/ypt-recruitment/
Leadership Resources Consulting Group,Professional Training and Coaching,"Sydney, New South Wales",92,"We provide leadership, strategy and innovation support for businesses wanting to make a real difference.  We do this through consulting, group facilitation and coaching.   Our philosophy:  Everything starts with effective leadership. Effective leadership drives clear strategy. Effective leadership and clear strategy...",https://www.linkedin.com/company/leadership-resources-consulting-group/
Leed Consulting,Business Consulting and Services,"Unley Park, SA",149,"...at the organisational, team and individual level.    We support organisations to define and achieve their strategic goals through building a sustainable high performance culture accross their organisation.    Our facilitation methodology and techniques unleash the potential of all involved, enabling people to share ideas...",https://www.linkedin.com/company/leed-consulting/
Pause and Play People Solutions,Business Consulting and Services,"Brisbane, Queensland",109,"...accountable and celebrate your wins with you. Talk to us about leadership and culture, we‚Äôll help you with Coaching, Workshops and/or our Consulting & Advisory...",https://www.linkedin.com/company/pause-and-play-people-solutions/
JWHR | Human Resources Specialists |,Human Resources,"SYDNEY, NSW",121,...& procedures ‚Ä¢ Advising on setting of objectives/KPIs ‚Ä¢ Coaching managers on how to give effective feedback ‚Ä¢ Coaching managers on how to manage low performing...,https://www.linkedin.com/company/jwhr/
Winners Recruitment - A Dvision of Dekro Pty Ltd,Human Resources Services,"Heidelberg, VIC",163,...and maintaining ongoing relationships with our clients and candidates. It is these values which support our long-term success.    Winners Recruitment source individuals who are a natural fit to our clients‚Äô business needs and culture.  We take a personal interest in both our clients and our candidates.    Our team works...,https://www.linkedin.com/company/winners-recruitment/
Co-Lab ,Business Consulting and Services,"Brisbane, QLD",147,...to:  ‚Ä¢ Support leaders to build a great place to work ‚Ä¢ Engage the right people to grow with their company ‚Ä¢ Improve communication flow ‚Ä¢ Implement Coaching...,https://www.linkedin.com/company/co-lab-people-and-culture/
Panorama Organisational Consulting,Business Consulting and Services,"Newcastle, NSW",159,"...talent policies, systems and practice to the organisation‚Äôs strategic objectives & mitigate risk  Executive coaching and mentoring - supporting executives...",https://www.linkedin.com/company/panoramaoc/
I am Gordon Jenkins,Business Consulting and Services,"Melbourne, Victoria",154,"...that ensure you succeed, and make everyday count.  Raw, real, authentic accountable support.   ‚ñ∂Ô∏é ùóõùó¢ùó™ ùóúùóß ùó™ùó¢ùó•ùóûùó¶: You will recognise my services by different names üßø Network Growth Coach üßø Professions Services Mentor üßø Business Coach üßø Executive Coach üßø Speaker üßø Facilitator üßø Transformation Advisor...",https://www.linkedin.com/company/iamgordonjenkins/
MLE Solutions,Business Consulting and Services,"Miranda, New South Wales",103,Helping businesses design processes and systems to maximise their customer's experience and grow profits ‚Ä¢ Specialties: Executive Coaching,https://www.linkedin.com/company/mle-solutions/
RdL Management Consultants ,Professional Training and Coaching,"Elwood, VIC",121,"....  One of the major offerings that has has significant uptake in the past 2 years is that of Executive and Life Coaching. In this very personalised program, RdL...",https://www.linkedin.com/company/rdl-management-consultants/
Humanity In Leadership PTY,Business Consulting and Services,"St. Ives, New South Wales",93,"...the value of having a Coach, to guide, to support and to give candid feedback. Executive Leadership roles can be a lonely place, with very few options to seek...",https://www.linkedin.com/company/humanity-in-leadership-pty/
ANEWDAY Leadership Development,Professional Training and Coaching,"Australia, NSW",66,"ANEWDAY is a leadership development and executive coaching practice, designed to support leaders assess their leadership style. Coaching provides...",https://www.linkedin.com/company/anewday/
Howe Management Consulting,Business Consulting and Services,"Melbourne, Victoria",60,...strategy consulting International business establishment Tailored coaching - executive and high potential Career transition and outplacement  If you would like...,https://www.linkedin.com/company/howe-management-consulting/
Epic EX,Business Consulting and Services,"Kensington Park, South Australia",98,"Engagement, People, Innovation & Culture. We support high performance EX, Culture & Leadership in your Organisation.",https://www.linkedin.com/company/epic-ex/
Alta Corporate Psychology,Professional Training and Coaching,"West Perth, Western Australia",73,Specialists in Workplace Wellbeing & Performance ‚Ä¢ Specialties: Executive & Employee coaching,https://www.linkedin.com/company/altacp/
THE HRBP,Human Resources Services,"Melbourne, Victoria",98,"THE HRBP (Human Resources Business Partner) was created with the growing demands of Executive Leaders in small to medium sized businesses requiring Human Resources support and guidance.  Principal consultant and founder, Nina Azzopardi partners with Executive Teams to create dynamic, collaborative and values based...",https://www.linkedin.com/company/the-hrbp/
People for Success,Business Consulting and Services,"GORDON, NSW",68,Our Passion    At People for Success we help organisations align their culture and develop their leadership capability to embrace change and remain competitive in an environment where unprecedented external pressure demands adaptability.    Our Purpose    To support Leaders and HR teams to build inspiring places...,https://www.linkedin.com/company/people-for-success/
Altered Career,Human Resources Services,,92,"Career coaching, job search and career transition advice, training, workplace coaching and executive coaching and change management consulting. We help...",https://www.linkedin.com/company/altered-career/
Set to Change,Professional Training and Coaching,"Sydney, NSW",81,"...support individuals and organisations to secure higher returns by building more sustainable engaging lives and workplaces based on proven positive workplace practices, leader capability and approaches to work engagement.  We support individuals to develop personal capability, identify and create pathways to inspiring careers...",https://www.linkedin.com/company/set-to-change/
Leadership Thinking Australia,Business Consulting and Services,Melbourne,77,...help you?    - Board Governance  - Build a Coaching Culture  - Business Coaching  - Executive Coaching & Mentoring  - Executive Career Planning  - Training...,https://www.linkedin.com/company/leadership-thinking-australia/
The Leaders Studio,Business Consulting and Services,"Gold Coast, Queensland",42,"Building internal capability for systemic change management within organisations.   Executive and Senior Leadership advisory and organisational development, with a focus on impactful and effective change and strengthening workplace culture.  We provide membership tiers for our advisory services so that your Executive...",https://www.linkedin.com/company/theleadersstudiotls/
Heilemann Coaching & Consulting,Human Resources Services,Sydney,14,...Change Management. She is also a certified Executive Coach. Contact Catherine for all your organisational change and executive coaching needs today...,https://www.linkedin.com/company/heilemanncoaching&consulting/
Visionary Culture,Construction,"Melbourne, Victoria",13,"...provide:  - Training, mentoring and coaching for preparation of women for senior roles; - Organisation consulting for culture change and support of management...",https://www.linkedin.com/company/visionary-culture/
Third Vision Business & IT Consulting | vCIO | Exec Coaching,Information Technology & Services,"Sydney, NSW",44,"IT Alignment, Assurance, People  Third Vision is an independent IT consulting and executive coaching team for established businesses. We focus on aligning IT...",https://www.linkedin.com/company/third-vision-it-consulting/
The Mindful CIO | Executive Coaching,Professional Training and Coaching,"Melbourne, Victoria",26,Where coaching and mindfulness meet.  Our vision at The Mindful CIO is to help Executives in IT to reach their full potential with Executive and Mindfulness...,https://www.linkedin.com/company/the-mindful-cio-executive-coaching/
Lagrou Partners Pty Ltd,Business Consulting and Services,"Adelaide, South Australia",46,"Management consulting specialised in two verticals: 1)Sales Effectiveness/Business Development, 2) Leadership Coaching ‚Ä¢ Specialties: Executive Coaching",https://www.linkedin.com/company/lagrou-partners/
The Alchemy Collective,Professional Training and Coaching,"Melbourne, VIC",52,"Empowering leaders to be, think and do things differently ‚Ä¢ Specialties: executive coaching",https://www.linkedin.com/company/the-alchemy-collective/
Lockwood Manning,Think Tanks,"Sydney, NSW",2,"..., race, sexual orientation, gender identity, class or culture), they change the world.   https://www.lockwoodmanning.com/  Our mission is to empower high...",https://www.linkedin.com/company/lockwood-manning/
Org. Culture Bites,Business Consulting and Services,"Sydney, NSW",15,"...generation  - Culture transformation tools and advisory support - People, Talent and management related data analytics - Leadership Development through group facilitation and 1:1 coaching - Executive Search",https://www.linkedin.com/company/org-culturebites/
Inspired Heads,Business Consulting and Services,"Melbourne, Victoria",35,Specialties: Executive Coaching,https://www.linkedin.com/company/inspired-heads/
Talent Multipliers,Human Resources,"Sydney , NSW",33,Talent Multipliers is a Human Capital consultancy and Executive Recruitment agency that provides insight and targeted solutions to Small and Medium business...,https://www.linkedin.com/company/tmultipliers/
The Change Agency Australia,Professional Training and Coaching,"Brisbane, QLD",21,"For over 20 years, The Change Agency has enjoyed an outstanding reputation for Leadership Development, Executive Coaching, Cultural Renewal, Team Excellence...",https://www.linkedin.com/company/the-change-agency-australia/
Uncommon Kind,Advertising Services,"South Melbourne, Victoria",20,Uncommon Solutions To Common Problems ‚Ä¢ Specialties: ...to positively shape culture| leadership legacy | coaching and training programs | company culture,https://www.linkedin.com/company/uncommon-kind/
Equenti Leadership & Learning by Angela Koning,Professional Training and Coaching,"Brisbane, QLD",20,"...-valued leadership development frameworks to provide bespoke services that address the strategy, performance and culture challenges facing our clients.  COACHING...",https://www.linkedin.com/company/equenti-leadership-learning/
Bellbrae Consulting Group,Business Consulting and Services,"Geelong, Victoria",30,"..., sooner.  The team at Bellbrae Consulting Group offer a broad portfolio of cost effective support packages that range from ad-hoc on-call guidance to help you deal with a specific issue or challenge, though to the immediate deployment of an interim residential executive to help guide, lead or support businesses through times...",https://www.linkedin.com/company/bellbrae-conculting-group/
Etvia Corporation Pty Ltd,Business Consulting and Services,Sydney,25,"Strategy formulation, deployment, team engagement and governance ‚Ä¢ Specialties: Senior Executive coaching",https://www.linkedin.com/company/etvia-corporation-pty-ltd/
Q Financial Horizons,Business Consulting and Services,SYDNEY,32,...‚Ä¢ Bookkeeping or Accounting support    Executive coaching    ‚Ä¢ Clarify your goals for yourself and the organisation   ‚Ä¢ Develop relationships that work...,https://www.linkedin.com/company/q-financial-horizons/
Josef Gardiner Executive Coaching,Business Consulting and Services,"Melbourne, Victoria",4,"..., team coaching, coach training & organisational culture   ‚Ä¢ Dry July Foundation: strategic planning   ‚Ä¢ Victorian Aboriginal Child Care Agency: executive coaching...",https://www.linkedin.com/company/josef-gardiner-executive-coaching/
Shine Executive,Business Consulting and Services,"Brisbane, Queensland ",9,"...to share best practice, provide solutions and ongoing support to develop high performing people and street proven processes.  Empowered People & Effective...",https://www.linkedin.com/company/shine-executive/
Integrated Coaching Solutions P/L,Business Consulting and Services,"ADELAIDE, South Australia",2,"Integrated Coaching Solutions provides coaching programs to support:   - Executive Excellence - Coaching foir Executives and Senior Managers in developing greater impact and influence, capability - learning to lead with candor, courage and care.   - Engaged workplaces - Workplace culture transformation - turning...",https://www.linkedin.com/company/integrated-coaching-solutions-p-l/
BALEI≈ÉE CORPORATE,Business Consulting and Services,"Sydney, NSW",14,"...offering - moving from the individual to the collective to optimise your business:  1) Executive Coaching (optimising you, utilising a holistic blueprint...",https://www.linkedin.com/company/balei%C5%84e-corporate/
The Leaders Boardroom,Think Tanks,Sydney,16,"..., sexual orientation, class or culture), they change the world.  The Leaders Boardroom is a private network and mastermind for professionals founded by industry...",https://www.linkedin.com/company/theleadersboardroom/
DXDT Consulting,Business Consulting and Services,Brisbane,13,"DXDT is a specialized consultancy working in the fields of leadership development, executive coaching, facilitation and change management. We work with our clients to create custom solutions to support their aspirations.   We are actively involved in academic research on leadership development. We combine this...",https://www.linkedin.com/company/dx-dt-consulting/
Transgrowth International Pty Ltd,Professional Training and Coaching,"Mount Nebo, Queensland",17,"Transgrowth is a coaching and facilitation company focusing on the intersection of leadership, team-dynamics and organisational culture to help organisations...",https://www.linkedin.com/company/transgrowth-international-pty-ltd/
Carinya Coaching & Consulting Services,Business Consulting and Services,"Franklin, ACT",1,"Sharon is the founder and Managing Director of Carinya Coaching and Consulting Services and is passionate about her primary role to support, mentor and coach...",https://www.linkedin.com/company/carinyaccs/
ST Hoogwout Consulting,Professional Training and Coaching,"Sydney, New South Wales",12,...and opportunities  I have developed a range of support services to cater to every need  ‚òû Free Weekly Insights ‚òû Webinars ‚òû Executive & Leadership Coaching Programs...,https://www.linkedin.com/company/st-hoogwout-coaching/
Achievement Zone Coaching,Professional Training and Coaching,"Canberra, ACT",5,...-coaching.com.au/index.html  Coaching Services:  Executive and workplace coaching Performance management Career planning and transition Effective communication and emotional intelligence Conflict resolution Work-life integration People and culture  Facilitation Services: Leadership and management development Coaching and mentoring...,https://www.linkedin.com/company/achievement-zone-coaching/
EVOLUTION HAPPENS,Human Resources Services,"Brisbane, Queensland",16,Helping leaders & teams build capability and deliver great outcomes ‚Ä¢ Specialties: Executive Coaching,https://www.linkedin.com/company/evolution-happens/
Work Life Resources- Marie Crozier-Durham & Associates,Human Resources Services,"Malvern, Victoria",18,"..., Employee Well-being  fields and their place within broader Culture, Business and HR Strategies will support great business results.",https://www.linkedin.com/company/work-life-resources/
Novoture,Business Consulting and Services,"Melbourne, Victoria",15,"...and services are designed to harness potential in your team and allow for smoother transitions to change. Contact us for support in the following areas:   ‚Ä¢ CEO, executive and management coaching  ‚Ä¢ Career transition and outplacement  ‚Ä¢ Organisational and team culture  ‚Ä¢ Conflict resolution and mediation  ‚Ä¢ Training...",https://www.linkedin.com/company/novoture/
Humanoeuvre,Business Consulting and Services,"TURA BEACH, NSW",12,...of coaching support is needed to stimulate and sustain ongoing team development?,https://www.linkedin.com/company/humanoeuvre/
Adamson & Associates (Dianne Adamson),Professional Training and Coaching,Sydney,14,Specialties: Executive Coaching and Mentoring,https://www.linkedin.com/company/adamson-&-associates-dianne-adamson-/
Trilogy Facilitation Pty Ltd,Business Consulting and Services,"Ardross, Western Australia",8,...challenge people face when going back into the workplace so we support the new behaviours with 1 on 1 coaching. Once new behaviours are being demonstrated we...,https://www.linkedin.com/company/trilogy-facilitation-pty-ltd/
Amy Tehovnik Consulting,Human Resources Services,"Melbourne, Victoria",12,1-2-1 coaching | Team coaching | Workshops   I am a workplace culture consultant who can support you to manage change and increase productivity across your...,https://www.linkedin.com/company/amy-tehovnik-consulting/
Burki Leadership,Professional Training and Coaching,"Quinns Rocks, Western Australia",5,Specialties: Leadership and Executive Coaching,https://www.linkedin.com/company/burki-leadership/
GO People and Performance,Business Consulting and Services,"Melbourne, Victoria",5,GO People and Performance specialises in the following areas:  - Executive coaching to provide the challenge and support required for clients to gain greater...,https://www.linkedin.com/company/go-people-and-performance/
Think.Feel.Do,Business Consulting and Services,"Gold Coast, Queensland ",10,"...executive leadership teams to set a clear direction by clearly defining your school's purpose, aligning your team with your culture and achieving your goal through...",https://www.linkedin.com/company/think-feel-do/
Clear Mind Consulting Pty Ltd,Business Consulting and Services,"Brisbane, QLD",10,"...by taking a strategic view with a practical lens.   Delivering with you:  * Consulting in all aspects of HR, People and Culture  * Organisational and people strategy  * Leadership and executive coaching  * Transformation and change support services to help plan and execute change initiatives that achieve outcomes",https://www.linkedin.com/company/clear-mind-consulting-pty-ltd/
RADA Consultancy Interim Management,Business Consulting and Services,Sydney,15,RADA Interim Management  Providing businesses with independent professional support. Need an independent executive Sounding Board Have short term leadership Capability & Capacity Gaps Experiencing an Unexpected Vacancy in your leadership team Team members needing Coaching and Mentoring Strategy and organizational...,https://www.linkedin.com/company/rada-consultancy/
Heads Up Consulting,Business Consulting and Services,"Brisbane, Queensland",6,"Providing tailored guidance, coaching and support for leaders, delivering success at all levels of your organisation ‚Ä¢ Specialties: Leadership and Executive coaching and development programs  ‚Ä¢ Inclusive leadership ‚Ä¢ Leading respectful workplaces ‚Ä¢ Leading culture change ‚Ä¢ Developing strategy through to action/operating plans ‚Ä¢ Unconscious bias  ‚Ä¢ Improving Executive Team performance ‚Ä¢ Conflict resolution ‚Ä¢ Individual executive coaching   ‚Ä¢ Change...",https://www.linkedin.com/company/heads-up-consulting/
The Magenta Edge Group,Business Consulting and Services,"Malvern, Melbourne, Victoria",8,"...come in. Executive Coaching, Ethics in Leadership, Cultural Assessment, Enterprise Leadership Development Strategy, Tailored Leadership Programs and on-going...",https://www.linkedin.com/company/the-magenta-edge-group/
Tanner HC ,Human Resources Services,"Brisbane, QLD",4,"The Tanner HC is a people and culture advisory, founded on the belief that people and culture are the pillar on which all elements of organisations strategy...",https://www.linkedin.com/company/tanner-hc-group/
Lyndon Lugg Consulting,Human Resources Services,,11,"...: - Strategy & Culture Change Programs - Diversity and Inclusion Consulting, program design and delivery - Leadership Development - program design and delivery - Executive Coaching   With extensive executive experience from working with some of Australias' most senior leaders, we create a tailored  experience that...",https://www.linkedin.com/company/lyndon-lugg-consulting/
Yvette Bartlett,Business Consulting and Services,"Brisbane, Queensland",2,"Unleash your potential. Unlock your entrepreneurial leader. Create real, sustainable success ‚Ä¢ Specialties: Executive Coaching",https://www.linkedin.com/company/yvette-bartlett/
Lean CX Pty Ltd,Strategic Management Services,"Perth, Western Australia",3,Lean CX provides this Systems Thinking approach to solving complex problems for organisations at an Enterprise level ‚Ä¢ Specialties: Executive Coaching,https://www.linkedin.com/company/leancx/
Soda Consulting Group,Business Consulting and Services,Traralgon,4,Leadership | Culture | Coaching | Teams,https://www.linkedin.com/company/soda-consulting-group/
J9,Non-profit Organizations,Sydney,8,"...diversification and sustainability which we support with implementation and coaching.    An expert facilitator, I have presented internationally and nationally...",https://www.linkedin.com/company/j9consulting/
Susie Walker & Associates Pty Ltd.,Professional Training and Coaching,"Melbourne, Victoria",9,"...levels of an organisation, to support the company drive toward cultural and business success.   Corporate Training Programs: ÔÇ† Company-wide cultural development, cultural strategy and program implementation ÔÇ† Executive leadership, team leader and workplace team development ÔÇ† Emotional intelligence, communication...",https://www.linkedin.com/company/susie-walker-associates-pty-ltd/
Duntulm Partners,Business Consulting and Services,London,2,"Duntulm Partners brings together some of the best minds in leadership, coaching and strategy to support individuals, teams and organisations to achieve more for themselves and those they serve.  Leadership, Change and Strategy for humans, by humans.",https://www.linkedin.com/company/duntulm/
Peak People Development ,Human Resources Services,"Asquith (Sydney), NSW",5,"...addition to facilitation, coaching, strategy and design, we offer a range of globally recognized leadership and organisational culture tools, to support...",https://www.linkedin.com/company/peak-people-development/
People & Co,Human Resources Services,Queensland,1,"...they are to you and we are here to support them.   With over 15 years of recruitment, people and culture experience, including front-line staff and executive...",https://www.linkedin.com/company/people-co-australia/
Know To Grow,Human Resources,"Brisbane, Queensland",1,Business is about people. You need trustworthy and timely advice to support your people and cultural initiatives.  Know To Grow is your trusted partner to build a high performance organisational culture to support continued growth or the successful transition from start-up to expanded operations.,https://www.linkedin.com/company/know-to-grow/
Bell Partners High Performance Centre,Professional Training and Coaching,"Sydney, New South Wales",2,"...partners alike.  Our suite of services includes business consultancy and advisory which at its core provides high performance coaching, executive leadership...",https://www.linkedin.com/company/bell-partners-high-performance-centre/
Axento Safety,Business Consulting and Services,"Melbourne, Victoria",1,health and safety management improvement strategies ‚Ä¢ Specialties: Board & Executive Management Support,https://www.linkedin.com/company/axento-safety/
Bayburt & Woods,Business Consulting and Services,"Melbourne , Victoria ",4,...Committee / Audit Committee Chair / Membership; Interim Executive Support; Strategic Advice and Workshops Establishment of Risk Appetite / Risk Boundaries across...,https://www.linkedin.com/company/bayburt-woods/
Goldsworthy Advisory,Business Consulting and Services,"Hawksburn, Australia",1,"..."". The levers of change expect nothing less.  Goldsworthy Advisory works discreetly with a select clientele, providing executive coaching and mentoring to senior...",https://www.linkedin.com/company/goldadvise/
Talking ToMorrow,Human Resources Services,"Sydney, NSW",3,"...expertise including leadership, culture, talent, change and capability development. Our services include executive coaching, consulting support and workshop design...",https://www.linkedin.com/company/talking-tomorrow/
TEAMING PTY LTD,Professional Training and Coaching,"Melbourne, VIC",1,"..., accredited RightPath ¬© facilitator and a certified SQUADIFY Pro facilitator I work with leaders and their teams to support them in cultivating self awareness, self leadership, and the right behaviours that support a strong foundation of trust and accountability that will take their performance to the next level.",https://www.linkedin.com/company/teaming-leadership-coach/
